-- phpMyAdmin SQL Dump
-- version 5.0.2
-- https://www.phpmyadmin.net/
--
-- Host: 127.0.0.1
-- Generation Time: Apr 24, 2020 at 04:34 AM
-- Server version: 10.4.11-MariaDB
-- PHP Version: 7.4.4

SET SQL_MODE = "NO_AUTO_VALUE_ON_ZERO";
START TRANSACTION;
SET time_zone = "+00:00";


/*!40101 SET @OLD_CHARACTER_SET_CLIENT=@@CHARACTER_SET_CLIENT */;
/*!40101 SET @OLD_CHARACTER_SET_RESULTS=@@CHARACTER_SET_RESULTS */;
/*!40101 SET @OLD_COLLATION_CONNECTION=@@COLLATION_CONNECTION */;
/*!40101 SET NAMES utf8mb4 */;

--
-- Database: `okstatecrewergtracker`
--

-- --------------------------------------------------------

--
-- Table structure for table `athletes`
--

CREATE TABLE `athletes` (
  `Name` text NOT NULL,
  `Gender` varchar(1) NOT NULL,
  `Experience` int(11) NOT NULL,
  `Date Joined` date NOT NULL,
  `isCoxswain` tinyint(1) NOT NULL,
  `CWID` int(11) NOT NULL,
  `Dues Paid` tinyint(1) NOT NULL
) ENGINE=InnoDB DEFAULT CHARSET=utf8mb4;

--
-- Dumping data for table `athletes`
--

INSERT INTO `athletes` (`Name`, `Gender`, `Experience`, `Date Joined`, `isCoxswain`, `CWID`, `Dues Paid`) VALUES
('Scott Weekley', 'M', 2, '2019-01-14', 0, 123456789, 1),
('Ellie Pope', 'F', 2, '2019-01-14', 0, 123456789, 1),
('Sam Embrey', 'M', 2, '2018-08-25', 0, 123456789, 1),
('Tanner Simpson', 'M', 2, '2018-08-25', 0, 123456789, 1),
('Hussein Hassan', 'M', 2, '2018-08-25', 0, 123456789, 1),
('Josh Baker', 'M', 2, '2019-01-14', 0, 0, 1),
('Chris Bird', 'M', 2, '2018-08-12', 0, 0, 1),
('Mark Perz', 'M', 1, '2019-08-21', 0, 0, 1),
('Justin Horwitz', 'M', 1, '2019-08-21', 0, 0, 1),
('Travis Thomas', 'M', 1, '2019-08-21', 0, 0, 1),
('Tom Donahue', 'M', 1, '2020-01-16', 0, 0, 1),
('TK Wallace', 'M', 1, '2019-08-21', 0, 0, 1),
('Cameron Thomas', 'M', 1, '2019-08-21', 0, 0, 1),
('Sam Korn', 'M', 1, '2020-01-16', 0, 0, 1),
('Robert Walderbach', 'M', 1, '2019-08-21', 0, 0, 1),
('Zac Clairborne', 'M', 1, '2020-01-16', 0, 0, 1),
('Kyle Shepherd', 'M', 1, '2020-01-16', 0, 0, 1),
('Donavon Mitchell', 'M', 1, '2019-01-16', 0, 0, 1),
('Will Burlbaw', 'M', 1, '2019-08-21', 0, 0, 1),
('Ryan Stiehl', 'M', 1, '2019-01-16', 0, 0, 1),
('Ken Ross', 'M', 1, '2019-08-21', 0, 0, 1),
('Connor Wigginton', 'M', 1, '2019-08-21', 0, 0, 1),
('Jack Richey', 'M', 1, '2020-01-16', 0, 0, 1),
('Turner Russell', 'M', 1, '2019-08-21', 0, 0, 1),
('Sebastian Rothwell', 'M', 1, '2020-01-16', 0, 0, 1),
('Steven Ryckeley', 'M', 1, '2020-01-16', 0, 0, 1),
('Cameron Arrington', 'M', 1, '2019-08-21', 0, 0, 1),
('Jared Reid', 'M', 1, '2020-01-16', 0, 0, 1),
('Logan Wargo', 'M', 1, '2019-08-21', 0, 0, 1),
('Sam Lasater', 'M', 1, '2019-08-21', 0, 0, 1),
('Rebecca Korn', 'F', 2, '2019-01-14', 0, 0, 1),
('Satu Kuusi', 'F', 1, '2019-01-14', 0, 0, 1),
('Mccall Dequasie', 'F', 1, '2019-01-14', 0, 0, 1),
('Anna Crosswhite', 'F', 1, '2018-08-21', 0, 0, 1),
('Susan Weckler', 'F', 1, '2019-01-14', 0, 0, 1),
('Alyssa Schaefer', 'F', 4, '2020-01-16', 0, 0, 1),
('Leslie Garza', 'F', 1, '2019-01-14', 0, 0, 1),
('Christina Bogard', 'F', 1, '2018-08-12', 0, 0, 1),
('Karen Weckler', 'F', 1, '2019-01-14', 0, 0, 1),
('Kali Kountoupis', 'F', 1, '2019-08-21', 0, 0, 1),
('Annika Cline', 'F', 1, '2020-01-16', 0, 0, 1),
('Lisa Kaiser', 'F', 1, '2019-08-21', 0, 0, 1),
('Josie Monson', 'F', 1, '2020-01-16', 0, 0, 1),
('Allie Sallee', 'F', 1, '2020-01-16', 0, 0, 1),
('Cami Michaelson', 'F', 1, '2019-08-21', 0, 0, 1),
('Bailey', 'F', 1, '2019-08-21', 0, 0, 1),
('Lauren Shorey', 'F', 1, '2020-01-16', 0, 0, 1),
('Abby Pope', 'F', 1, '2019-08-21', 0, 0, 1),
('Emma Schwartz', 'F', 1, '2019-08-21', 0, 0, 1),
('Megan Adler', 'F', 1, '2019-08-21', 0, 0, 1),
('Rachel Visina', 'F', 1, '2019-08-21', 0, 0, 1),
('Micah Swedberg', 'M', 2, '2018-08-12', 1, 11697899, 1),
('Josh Wood', 'M', 2, '2018-08-12', 1, 0, 1),
('Davis Bunn', 'M', 2, '2018-10-25', 1, 0, 1),
('Sarah Lindley', 'F', 1, '2019-08-21', 1, 0, 1),
('Rosie Perez', 'F', 1, '2019-08-21', 1, 0, 1),
('Brooke Jacobs', 'F', 1, '2020-01-16', 0, 0, 1);

-- --------------------------------------------------------

--
-- Table structure for table `practices`
--

CREATE TABLE `practices` (
  `Athlete` text NOT NULL,
  `Date` date NOT NULL,
  `Type` text NOT NULL,
  `Total Time` decimal(10,1) NOT NULL,
  `Total Distance` int(11) NOT NULL,
  `Average Split` decimal(10,1) NOT NULL,
  `Average Rate` int(11) NOT NULL
) ENGINE=InnoDB DEFAULT CHARSET=utf8mb4;

--
-- Dumping data for table `practices`
--

INSERT INTO `practices` (`Athlete`, `Date`, `Type`, `Total Time`, `Total Distance`, `Average Split`, `Average Rate`) VALUES
('Scott Weekley', '2020-02-18', 'Intervals - Distance', '805.4', 4000, '100.7', 30),
('Sam Embrey', '2020-02-18', 'Intervals - Distance', '856.9', 4000, '107.1', 29),
('Tanner Simpson', '2020-02-18', 'Intervals - Distance', '878.7', 4000, '109.8', 30),
('Hussein Hassan', '2020-02-18', 'Intervals - Distance', '923.3', 4000, '115.4', 30),
('', '0000-00-00', '', '0.0', 0, '0.0', 0),
('', '0000-00-00', '', '0.0', 0, '0.0', 0),
('Sam Embrey', '2020-03-05', 'Intervals - Distance', '1416.3', 6250, '113.3', 29),
('Mark Perz', '2020-03-05', 'Intervals - Distance', '1297.0', 6250, '103.8', 30),
('Travis Thomas', '2020-03-05', 'Intervals - Distance', '1426.8', 6250, '114.1', 27),
('TK Wallace', '2020-03-05', 'Intervals - Distance', '1427.0', 6250, '114.2', 28),
('Robert', '2020-03-05', 'Intervals - Distance', '1148.0', 5000, '114.8', 28),
('Robert Walderbach', '2020-03-05', 'Intervals - Distance', '1148.0', 5000, '114.8', 28),
('Cameron Thomas', '2020-03-05', 'Intervals - Distance', '1459.3', 6250, '116.7', 27),
('Sam Korn', '2020-03-05', 'Intervals - Distance', '1415.8', 6250, '113.3', 28),
('Will Burlbaw', '2020-03-05', 'Intervals - Distance', '1463.0', 6250, '117.0', 28),
('Ryan Stiehl', '2020-03-05', 'Intervals - Distance', '1590.8', 6250, '127.3', 24),
('Jack Richey', '2020-03-05', 'Intervals - Distance', '1508.3', 6250, '120.7', 26),
('Turner Russell', '2020-03-05', 'Intervals - Distance', '1376.5', 5000, '137.7', 25),
('Steven Ryckeley', '2020-03-05', 'Intervals - Distance', '1645.5', 6250, '131.6', 26),
('Jared Reid', '2020-03-05', 'Intervals - Distance', '1499.5', 6250, '120.0', 25),
('Rebecca Korn', '2020-03-05', 'Intervals - Distance', '1411.3', 6250, '112.9', 30),
('Satu Kuusi', '2020-03-05', 'Intervals - Distance', '1482.0', 6250, '118.6', 27),
('Ellie Pope', '2020-03-05', 'Intervals - Distance', '1511.3', 6250, '120.9', 29),
('Anna Crosswhite', '2020-03-05', 'Intervals - Distance', '299.8', 1250, '119.9', 29),
('Susan Weckler', '2020-03-05', 'Intervals - Distance', '1523.0', 6250, '121.8', 28),
('Christina Bogard', '2020-03-05', 'Intervals - Distance', '1615.0', 6250, '129.2', 26),
('Josie Monson', '2020-03-05', 'Intervals - Distance', '618.0', 2500, '123.6', 32),
('Bailey Crocker', '2020-03-05', 'Intervals - Distance', '1634.5', 6250, '130.8', 29),
('Lauren Shorey', '2020-03-05', 'Intervals - Distance', '1816.8', 6250, '145.3', 24),
('Rosie Perez', '2020-03-05', 'Intervals - Distance', '325.8', 1250, '130.3', 28),
('Scott Weekley', '2020-02-28', 'Intervals - Distance', '817.2', 4000, '102.1', 31),
('Tanner Simpson', '2020-02-28', 'Intervals - Distance', '882.2', 4000, '110.3', 29),
('Mark Perz', '2020-02-28', 'Intervals - Distance', '776.0', 4000, '97.0', 30),
('Justin Horwitz', '2020-02-28', 'Intervals - Distance', '936.0', 4000, '117.0', 28),
('Travis Thomas', '2020-02-28', 'Intervals - Distance', '1075.8', 4000, '134.5', 24),
('Tom Donahue', '2020-02-28', 'Intervals - Distance', '842.8', 4000, '105.4', 29),
('TK Wallace', '2020-02-28', 'Intervals - Distance', '869.7', 4000, '108.7', 30),
('Cameron Thomas', '2020-02-28', 'Intervals - Distance', '980.5', 4000, '122.6', 26),
('Sam Korn', '2020-02-28', 'Intervals - Distance', '856.0', 4000, '107.0', 30),
('Robert Walderbach', '2020-02-28', 'Intervals - Distance', '878.1', 4000, '109.8', 29),
('Zac Clairborne', '2020-02-28', 'Intervals - Distance', '867.8', 4000, '108.5', 28),
('Will Burlbaw', '2020-02-28', 'Intervals - Distance', '880.2', 4000, '110.0', 30),
('Ryan Stiehl', '2020-02-28', 'Intervals - Distance', '937.7', 4000, '117.2', 25),
('Ken Ross', '2020-02-28', 'Intervals - Distance', '921.7', 4000, '115.2', 30),
('Conner Wigginton', '2020-02-28', 'Intervals - Distance', '1012.8', 4000, '126.6', 27),
('Steven Ryckeley', '2020-02-28', 'Intervals - Distance', '1278.9', 4000, '159.9', 25),
('Jared Reid', '2020-02-28', 'Intervals - Distance', '893.1', 4000, '111.6', 28),
('Rebecca Korn', '2020-02-28', 'Intervals - Distance', '907.0', 4000, '113.4', 30),
('Satu Kuusi', '2020-02-28', 'Intervals - Distance', '751.8', 3250, '115.7', 27),
('Ellie Pope', '2020-02-28', 'Intervals - Distance', '927.3', 4000, '115.9', 32),
('Mccall Dequasie', '2020-02-28', 'Intervals - Distance', '971.8', 4000, '121.5', 31),
('Anna Crosswhite', '2020-02-28', 'Intervals - Distance', '925.1', 4000, '115.6', 30),
('Susan Weckler', '2020-02-28', 'Intervals - Distance', '949.2', 4000, '118.7', 29),
('Alyssa Schaefer', '2020-02-28', 'Intervals - Distance', '965.5', 4000, '120.7', 26),
('Kali Kountoupis', '2020-02-28', 'Intervals - Distance', '943.2', 4000, '117.9', 28),
('Annika Cline', '2020-02-28', 'Intervals - Distance', '958.0', 4000, '119.8', 27),
('Josie Monson', '2020-02-28', 'Intervals - Distance', '971.8', 4000, '121.5', 31),
('Allie Sallee', '2020-02-28', 'Intervals - Distance', '982.4', 4000, '122.8', 26),
('Cami Michaelson', '2020-02-28', 'Intervals - Distance', '1042.7', 4000, '130.3', 29),
('Lauren Shorey', '2020-02-28', 'Intervals - Distance', '1084.9', 4000, '135.6', 27),
('Scott Weekley', '2020-02-15', 'Test', '410.1', 2000, '102.5', 30),
('Josh Baker', '2020-02-15', 'Test', '425.9', 2000, '106.5', 31),
('Sam Embrey', '2020-02-15', 'Test', '433.3', 2000, '108.3', 30),
('Tanner Simpson', '2020-02-15', 'Test', '464.2', 2000, '116.1', 29),
('Mark Perz', '2020-02-15', 'Test', '389.3', 2000, '97.3', 31),
('Justin Horwitz', '2020-02-15', 'Test', '412.1', 2000, '103.0', 31),
('Travis Thomas', '2020-02-15', 'Test', '436.1', 2000, '109.0', 31),
('Tom Donahue', '2020-02-15', 'Test', '436.4', 2000, '109.1', 28),
('TK Wallace', '2020-02-15', 'Test', '439.8', 2000, '110.0', 29),
('Cameron Thomas', '2020-02-15', 'Test', '440.6', 2000, '110.2', 28),
('Sam Korn', '2020-02-15', 'Test', '440.9', 2000, '110.2', 32),
('Robert Walderbach', '2020-02-15', 'Test', '440.9', 2000, '110.2', 30),
('Zac Clairborne', '2020-02-15', 'Test', '443.4', 2000, '110.9', 28),
('Kyle Shepherd', '2020-02-15', 'Test', '448.5', 2000, '112.1', 31),
('Donovon Mitchell', '2020-02-15', 'Test', '456.8', 2000, '114.2', 30),
('Will Burlbaw', '2020-02-15', 'Test', '457.0', 2000, '114.3', 30),
('Ryan Stiehl', '2020-02-15', 'Test', '464.3', 2000, '116.1', 29),
('Ken Ross', '2020-02-15', 'Test', '465.5', 2000, '116.4', 30),
('Conner Wigginton', '2020-02-15', 'Test', '474.1', 2000, '118.5', 30),
('Jack Richey', '2020-02-15', 'Test', '479.3', 2000, '119.8', 28),
('Turner Russell', '2020-02-15', 'Test', '503.4', 2000, '125.9', 29),
('Sebastian Rothwell', '2020-02-15', 'Test', '510.3', 2000, '127.6', 29),
('Steven Ryckeley', '2020-02-15', 'Test', '529.4', 2000, '132.4', 29),
('Jared Reid', '2020-02-15', 'Test', '461.2', 2000, '115.3', 28),
('Rebecca Korn', '2020-02-15', 'Test', '434.3', 2000, '108.6', 32),
('Satu Kuusi', '2020-02-15', 'Test', '461.6', 2000, '115.4', 29),
('Ellie Pope', '2020-02-15', 'Test', '465.5', 2000, '116.4', 30),
('Mccall Dequasie', '2020-02-15', 'Test', '472.3', 2000, '118.1', 28),
('Anna Crosswhite', '2020-02-15', 'Test', '472.4', 2000, '118.1', 30),
('Susan Weckler', '2020-02-15', 'Test', '475.0', 2000, '118.8', 29),
('Alyssa Schaefer', '2020-02-15', 'Test', '484.3', 2000, '121.1', 27),
('Leslie Garza', '2020-02-15', 'Test', '496.0', 2000, '124.0', 30),
('Christina Bogard', '2020-02-15', 'Test', '496.9', 2000, '124.2', 28),
('Kali Kountoupis', '2020-02-15', 'Test', '477.4', 2000, '119.4', 30),
('Annika Cline', '2020-02-15', 'Test', '481.4', 2000, '120.4', 31),
('Lisa Kaiser', '2020-02-15', 'Test', '489.0', 2000, '122.3', 31),
('Josie Monson', '2020-02-15', 'Test', '489.3', 2000, '122.3', 30),
('Allie Sallee', '2020-02-15', 'Test', '505.1', 2000, '126.3', 27),
('Cami Michaelson', '2020-02-15', 'Test', '511.1', 2000, '127.8', 30),
('Bailey Crocker', '2020-02-15', 'Test', '521.6', 2000, '130.4', 29),
('Lauren Shorey', '2020-02-15', 'Test', '587.5', 2000, '146.9', 23),
('Josh Baker', '2019-12-07', 'Test', '418.0', 2000, '104.5', 30),
('Max Bryan', '2019-12-07', 'Test', '470.2', 2000, '117.6', 28),
('Conner Wigginton', '2019-12-07', 'Test', '479.6', 2000, '119.9', 30),
('Will Burlbaw', '2019-12-07', 'Test', '442.4', 2000, '110.6', 31),
('Ken Ross', '2019-12-07', 'Test', '467.8', 2000, '117.0', 32),
('Cameron Arrington', '2019-12-07', 'Test', '453.6', 2000, '113.4', 28),
('Sam Lasater', '2019-12-07', 'Test', '466.8', 2000, '116.7', 31),
('TK Wallace', '2019-12-07', 'Test', '454.8', 2000, '113.7', 29),
('Logan Wargo', '2019-12-07', 'Test', '438.7', 2000, '109.7', 30),
('Cameron Thomas', '2019-12-07', 'Test', '451.3', 2000, '112.8', 34),
('Travis Thomas', '2019-12-07', 'Test', '440.0', 2000, '110.0', 34),
('Justin Horwitz', '2019-12-07', 'Test', '423.6', 2000, '105.9', 31),
('Mark Perz', '2019-12-07', 'Test', '397.5', 2000, '99.4', 30),
('Karen Weckler', '2019-12-07', 'Test', '511.6', 2000, '127.9', 28),
('Leslie Garza', '2019-12-07', 'Test', '490.6', 2000, '122.7', 30),
('Mccall Dequasie', '2019-12-07', 'Test', '479.5', 2000, '119.9', 29),
('Anna Crosswhite', '2019-12-07', 'Test', '477.3', 2000, '119.3', 30),
('Susan Weckler', '2019-12-07', 'Test', '476.6', 2000, '119.2', 29),
('Satu Kuusi', '2019-12-07', 'Test', '460.3', 2000, '115.1', 30),
('Rebecca Korn', '2019-12-07', 'Test', '436.5', 2000, '109.1', 31),
('Naomi Wisner', '2019-12-07', 'Test', '515.7', 2000, '128.9', 29),
('Bailey Crocker', '2019-12-07', 'Test', '525.3', 2000, '131.3', 29),
('Lisa Kaiser', '2019-12-07', 'Test', '500.0', 2000, '125.0', 30),
('Cami Michaelson', '2019-12-07', 'Test', '524.0', 2000, '131.0', 28),
('Abby Pope', '2019-12-07', 'Test', '491.9', 2000, '123.0', 27),
('Megan Adler', '2019-12-07', 'Test', '485.6', 2000, '121.4', 29);

-- --------------------------------------------------------

--
-- Table structure for table `splits`
--

CREATE TABLE `splits` (
  `Athlete` text NOT NULL,
  `Date` date NOT NULL,
  `Type` text NOT NULL,
  `Split Number` int(11) NOT NULL,
  `Average Rate` int(11) NOT NULL,
  `500 Split` decimal(10,1) NOT NULL,
  `Distance` int(11) NOT NULL,
  `Total Time` decimal(11,1) NOT NULL
) ENGINE=InnoDB DEFAULT CHARSET=utf8mb4;

--
-- Dumping data for table `splits`
--

INSERT INTO `splits` (`Athlete`, `Date`, `Type`, `Split Number`, `Average Rate`, `500 Split`, `Distance`, `Total Time`) VALUES
('Scott Weekley', '2020-02-18', 'Intervals - Distance', 1, 31, '99.2', 500, '99.2'),
('Scott Weekley', '2020-02-18', 'Intervals - Distance', 2, 31, '100.0', 500, '100.0'),
('Scott Weekley', '2020-02-18', 'Intervals - Distance', 3, 30, '99.9', 500, '99.9'),
('Scott Weekley', '2020-02-18', 'Intervals - Distance', 4, 29, '99.7', 500, '99.7'),
('Scott Weekley', '2020-02-18', 'Intervals - Distance', 5, 29, '101.2', 500, '101.2'),
('Scott Weekley', '2020-02-18', 'Intervals - Distance', 6, 30, '99.9', 500, '99.9'),
('Scott Weekley', '2020-02-18', 'Intervals - Distance', 7, 30, '101.8', 500, '101.8'),
('Scott Weekley', '2020-02-18', 'Intervals - Distance', 8, 28, '103.7', 500, '103.7'),
('Sam Embrey', '2020-02-18', 'Intervals - Distance', 1, 28, '105.8', 500, '105.8'),
('Sam Embrey', '2020-02-18', 'Intervals - Distance', 2, 28, '105.5', 500, '105.5'),
('Sam Embrey', '2020-02-18', 'Intervals - Distance', 3, 29, '106.2', 500, '106.2'),
('Sam Embrey', '2020-02-18', 'Intervals - Distance', 4, 29, '105.9', 500, '105.9'),
('Sam Embrey', '2020-02-18', 'Intervals - Distance', 5, 30, '106.7', 500, '106.7'),
('Sam Embrey', '2020-02-18', 'Intervals - Distance', 6, 30, '108.0', 500, '108.0'),
('Sam Embrey', '2020-02-18', 'Intervals - Distance', 7, 30, '109.4', 500, '109.4'),
('Sam Embrey', '2020-02-18', 'Intervals - Distance', 8, 30, '109.4', 500, '109.4'),
('Tanner Simpson', '2020-02-18', 'Intervals - Distance', 1, 31, '108.2', 500, '108.2'),
('Tanner Simpson', '2020-02-18', 'Intervals - Distance', 2, 30, '108.6', 500, '108.6'),
('Tanner Simpson', '2020-02-18', 'Intervals - Distance', 3, 31, '109.9', 500, '109.9'),
('Tanner Simpson', '2020-02-18', 'Intervals - Distance', 4, 31, '110.6', 500, '110.6'),
('Tanner Simpson', '2020-02-18', 'Intervals - Distance', 5, 28, '109.9', 500, '109.9'),
('Tanner Simpson', '2020-02-18', 'Intervals - Distance', 6, 28, '110.5', 500, '110.5'),
('Tanner Simpson', '2020-02-18', 'Intervals - Distance', 7, 28, '111.6', 500, '111.6'),
('Tanner Simpson', '2020-02-18', 'Intervals - Distance', 8, 29, '109.4', 500, '109.4'),
('Hussein Hassan', '2020-02-18', 'Intervals - Distance', 1, 30, '112.9', 500, '112.9'),
('Hussein Hassan', '2020-02-18', 'Intervals - Distance', 2, 29, '113.0', 500, '113.0'),
('Hussein Hassan', '2020-02-18', 'Intervals - Distance', 3, 29, '114.1', 500, '114.1'),
('Hussein Hassan', '2020-02-18', 'Intervals - Distance', 4, 29, '113.9', 500, '113.9'),
('Hussein Hassan', '2020-02-18', 'Intervals - Distance', 5, 29, '117.3', 500, '117.3'),
('Hussein Hassan', '2020-02-18', 'Intervals - Distance', 6, 30, '114.5', 500, '114.5'),
('Hussein Hassan', '2020-02-18', 'Intervals - Distance', 7, 29, '123.9', 500, '123.9'),
('Hussein Hassan', '2020-02-18', 'Intervals - Distance', 8, 31, '113.7', 500, '113.7'),
('Sam Embrey', '2020-03-05', 'Intervals - Distance', 1, 29, '111.8', 1250, '279.5'),
('Sam Embrey', '2020-03-05', 'Intervals - Distance', 2, 29, '110.9', 1250, '277.3'),
('Sam Embrey', '2020-03-05', 'Intervals - Distance', 3, 29, '112.3', 1250, '280.8'),
('Sam Embrey', '2020-03-05', 'Intervals - Distance', 4, 29, '114.9', 1250, '287.3'),
('Sam Embrey', '2020-03-05', 'Intervals - Distance', 5, 29, '116.6', 1250, '291.5'),
('Mark Perz', '2020-03-05', 'Intervals - Distance', 1, 29, '101.0', 1250, '252.5'),
('Mark Perz', '2020-03-05', 'Intervals - Distance', 2, 30, '100.2', 1250, '250.5'),
('Mark Perz', '2020-03-05', 'Intervals - Distance', 3, 31, '103.9', 1250, '259.8'),
('Mark Perz', '2020-03-05', 'Intervals - Distance', 4, 31, '109.2', 1250, '273.0'),
('Mark Perz', '2020-03-05', 'Intervals - Distance', 5, 31, '104.5', 1250, '261.3'),
('Travis Thomas', '2020-03-05', 'Intervals - Distance', 1, 27, '115.4', 1250, '288.5'),
('Travis Thomas', '2020-03-05', 'Intervals - Distance', 2, 26, '115.3', 1250, '288.3'),
('Travis Thomas', '2020-03-05', 'Intervals - Distance', 3, 27, '112.8', 1250, '282.0'),
('Travis Thomas', '2020-03-05', 'Intervals - Distance', 4, 26, '116.3', 1250, '290.8'),
('Travis Thomas', '2020-03-05', 'Intervals - Distance', 5, 29, '110.9', 1250, '277.3'),
('TK Wallace', '2020-03-05', 'Intervals - Distance', 1, 27, '113.3', 1250, '283.3'),
('TK Wallace', '2020-03-05', 'Intervals - Distance', 2, 27, '111.6', 1250, '279.0'),
('TK Wallace', '2020-03-05', 'Intervals - Distance', 3, 31, '109.1', 1250, '272.8'),
('TK Wallace', '2020-03-05', 'Intervals - Distance', 4, 28, '120.5', 1250, '301.3'),
('TK Wallace', '2020-03-05', 'Intervals - Distance', 5, 27, '116.3', 1250, '290.8'),
('Robert', '2020-03-05', 'Intervals - Distance', 1, 28, '114.1', 1250, '285.3'),
('Robert', '2020-03-05', 'Intervals - Distance', 2, 28, '113.2', 1250, '283.0'),
('Robert', '2020-03-05', 'Intervals - Distance', 3, 29, '112.3', 1250, '280.8'),
('Robert', '2020-03-05', 'Intervals - Distance', 4, 26, '119.6', 1250, '299.0'),
('Robert Walderbach', '2020-03-05', 'Intervals - Distance', 1, 28, '114.1', 1250, '285.3'),
('Robert Walderbach', '2020-03-05', 'Intervals - Distance', 2, 28, '113.2', 1250, '283.0'),
('Robert Walderbach', '2020-03-05', 'Intervals - Distance', 3, 29, '112.3', 1250, '280.8'),
('Robert Walderbach', '2020-03-05', 'Intervals - Distance', 4, 26, '119.6', 1250, '299.0'),
('Cameron Thomas', '2020-03-05', 'Intervals - Distance', 1, 25, '116.0', 1250, '290.0'),
('Cameron Thomas', '2020-03-05', 'Intervals - Distance', 2, 27, '118.6', 1250, '296.5'),
('Cameron Thomas', '2020-03-05', 'Intervals - Distance', 3, 29, '115.8', 1250, '289.5'),
('Cameron Thomas', '2020-03-05', 'Intervals - Distance', 4, 27, '117.6', 1250, '294.0'),
('Cameron Thomas', '2020-03-05', 'Intervals - Distance', 5, 29, '115.7', 1250, '289.3'),
('Sam Korn', '2020-03-05', 'Intervals - Distance', 1, 26, '114.4', 1250, '286.0'),
('Sam Korn', '2020-03-05', 'Intervals - Distance', 2, 27, '113.0', 1250, '282.5'),
('Sam Korn', '2020-03-05', 'Intervals - Distance', 3, 30, '111.9', 1250, '279.8'),
('Sam Korn', '2020-03-05', 'Intervals - Distance', 4, 30, '114.6', 1250, '286.5'),
('Sam Korn', '2020-03-05', 'Intervals - Distance', 5, 29, '112.4', 1250, '281.0'),
('Will Burlbaw', '2020-03-05', 'Intervals - Distance', 1, 27, '115.9', 1250, '289.8'),
('Will Burlbaw', '2020-03-05', 'Intervals - Distance', 2, 27, '116.2', 1250, '290.5'),
('Will Burlbaw', '2020-03-05', 'Intervals - Distance', 3, 28, '115.8', 1250, '289.5'),
('Will Burlbaw', '2020-03-05', 'Intervals - Distance', 4, 28, '118.5', 1250, '296.3'),
('Will Burlbaw', '2020-03-05', 'Intervals - Distance', 5, 28, '118.8', 1250, '297.0'),
('Ryan Stiehl', '2020-03-05', 'Intervals - Distance', 1, 25, '117.9', 1250, '294.8'),
('Ryan Stiehl', '2020-03-05', 'Intervals - Distance', 2, 25, '123.2', 1250, '308.0'),
('Ryan Stiehl', '2020-03-05', 'Intervals - Distance', 3, 23, '129.1', 1250, '322.8'),
('Ryan Stiehl', '2020-03-05', 'Intervals - Distance', 4, 23, '134.7', 1250, '336.8'),
('Ryan Stiehl', '2020-03-05', 'Intervals - Distance', 5, 24, '131.4', 1250, '328.5'),
('Jack Richey', '2020-03-05', 'Intervals - Distance', 1, 25, '123.0', 1250, '307.5'),
('Jack Richey', '2020-03-05', 'Intervals - Distance', 2, 25, '122.5', 1250, '306.3'),
('Jack Richey', '2020-03-05', 'Intervals - Distance', 3, 26, '121.0', 1250, '302.5'),
('Jack Richey', '2020-03-05', 'Intervals - Distance', 4, 25, '120.0', 1250, '300.0'),
('Jack Richey', '2020-03-05', 'Intervals - Distance', 5, 28, '116.8', 1250, '292.0'),
('Turner Russell', '2020-03-05', 'Intervals - Distance', 1, 25, '132.3', 1250, '330.8'),
('Turner Russell', '2020-03-05', 'Intervals - Distance', 2, 25, '135.9', 1250, '339.8'),
('Turner Russell', '2020-03-05', 'Intervals - Distance', 3, 25, '140.9', 1250, '352.3'),
('Turner Russell', '2020-03-05', 'Intervals - Distance', 4, 25, '141.5', 1250, '353.8'),
('Steven Ryckeley', '2020-03-05', 'Intervals - Distance', 1, 25, '132.4', 1250, '331.0'),
('Steven Ryckeley', '2020-03-05', 'Intervals - Distance', 2, 25, '132.6', 1250, '331.5'),
('Steven Ryckeley', '2020-03-05', 'Intervals - Distance', 3, 25, '133.2', 1250, '333.0'),
('Steven Ryckeley', '2020-03-05', 'Intervals - Distance', 4, 25, '132.8', 1250, '332.0'),
('Steven Ryckeley', '2020-03-05', 'Intervals - Distance', 5, 28, '127.2', 1250, '318.0'),
('Jared Reid', '2020-03-05', 'Intervals - Distance', 1, 26, '119.7', 1250, '299.3'),
('Jared Reid', '2020-03-05', 'Intervals - Distance', 2, 25, '118.4', 1250, '296.0'),
('Jared Reid', '2020-03-05', 'Intervals - Distance', 3, 25, '117.9', 1250, '294.8'),
('Jared Reid', '2020-03-05', 'Intervals - Distance', 4, 25, '122.1', 1250, '305.3'),
('Jared Reid', '2020-03-05', 'Intervals - Distance', 5, 24, '121.7', 1250, '304.3'),
('Rebecca Korn', '2020-03-05', 'Intervals - Distance', 1, 28, '108.5', 1250, '271.3'),
('Rebecca Korn', '2020-03-05', 'Intervals - Distance', 2, 30, '111.5', 1250, '278.8'),
('Rebecca Korn', '2020-03-05', 'Intervals - Distance', 3, 32, '110.4', 1250, '276.0'),
('Rebecca Korn', '2020-03-05', 'Intervals - Distance', 4, 33, '111.0', 1250, '277.5'),
('Rebecca Korn', '2020-03-05', 'Intervals - Distance', 5, 29, '123.1', 1250, '307.8'),
('Satu Kuusi', '2020-03-05', 'Intervals - Distance', 1, 26, '118.4', 1250, '296.0'),
('Satu Kuusi', '2020-03-05', 'Intervals - Distance', 2, 26, '118.3', 1250, '295.8'),
('Satu Kuusi', '2020-03-05', 'Intervals - Distance', 3, 27, '117.3', 1250, '293.3'),
('Satu Kuusi', '2020-03-05', 'Intervals - Distance', 4, 27, '118.8', 1250, '297.0'),
('Satu Kuusi', '2020-03-05', 'Intervals - Distance', 5, 27, '120.0', 1250, '300.0'),
('Ellie Pope', '2020-03-05', 'Intervals - Distance', 1, 29, '120.3', 1250, '300.8'),
('Ellie Pope', '2020-03-05', 'Intervals - Distance', 2, 29, '120.0', 1250, '300.0'),
('Ellie Pope', '2020-03-05', 'Intervals - Distance', 3, 29, '120.1', 1250, '300.3'),
('Ellie Pope', '2020-03-05', 'Intervals - Distance', 4, 28, '122.6', 1250, '306.5'),
('Ellie Pope', '2020-03-05', 'Intervals - Distance', 5, 29, '121.5', 1250, '303.8'),
('Anna Crosswhite', '2020-03-05', 'Intervals - Distance', 1, 29, '119.9', 1250, '299.8'),
('Susan Weckler', '2020-03-05', 'Intervals - Distance', 1, 27, '123.8', 1250, '309.5'),
('Susan Weckler', '2020-03-05', 'Intervals - Distance', 2, 28, '121.9', 1250, '304.8'),
('Susan Weckler', '2020-03-05', 'Intervals - Distance', 3, 28, '120.8', 1250, '302.0'),
('Susan Weckler', '2020-03-05', 'Intervals - Distance', 4, 29, '120.0', 1250, '300.0'),
('Susan Weckler', '2020-03-05', 'Intervals - Distance', 5, 29, '122.7', 1250, '306.8'),
('Christina Bogard', '2020-03-05', 'Intervals - Distance', 1, 26, '128.2', 1250, '320.5'),
('Christina Bogard', '2020-03-05', 'Intervals - Distance', 2, 27, '127.1', 1250, '317.8'),
('Christina Bogard', '2020-03-05', 'Intervals - Distance', 3, 27, '126.0', 1250, '315.0'),
('Christina Bogard', '2020-03-05', 'Intervals - Distance', 4, 24, '139.7', 1250, '349.3'),
('Christina Bogard', '2020-03-05', 'Intervals - Distance', 5, 24, '125.0', 1250, '312.5'),
('Josie Monson', '2020-03-05', 'Intervals - Distance', 1, 31, '123.6', 1250, '309.0'),
('Josie Monson', '2020-03-05', 'Intervals - Distance', 2, 32, '123.6', 1250, '309.0'),
('Bailey Crocker', '2020-03-05', 'Intervals - Distance', 1, 26, '133.7', 1250, '334.3'),
('Bailey Crocker', '2020-03-05', 'Intervals - Distance', 2, 28, '132.3', 1250, '330.8'),
('Bailey Crocker', '2020-03-05', 'Intervals - Distance', 3, 28, '130.6', 1250, '326.5'),
('Bailey Crocker', '2020-03-05', 'Intervals - Distance', 4, 30, '128.9', 1250, '322.3'),
('Bailey Crocker', '2020-03-05', 'Intervals - Distance', 5, 31, '128.3', 1250, '320.8'),
('Lauren Shorey', '2020-03-05', 'Intervals - Distance', 1, 24, '148.1', 1250, '370.3'),
('Lauren Shorey', '2020-03-05', 'Intervals - Distance', 2, 24, '149.0', 1250, '372.5'),
('Lauren Shorey', '2020-03-05', 'Intervals - Distance', 3, 24, '149.1', 1250, '372.8'),
('Lauren Shorey', '2020-03-05', 'Intervals - Distance', 4, 24, '146.0', 1250, '365.0'),
('Lauren Shorey', '2020-03-05', 'Intervals - Distance', 5, 25, '134.5', 1250, '336.3'),
('Rosie Perez', '2020-03-05', 'Intervals - Distance', 1, 28, '130.3', 1250, '325.8'),
('Scott Weekley', '2020-02-28', 'Intervals - Distance', 1, 26, '115.8', 250, '57.9'),
('Scott Weekley', '2020-02-28', 'Intervals - Distance', 2, 32, '96.8', 500, '96.8'),
('Scott Weekley', '2020-02-28', 'Intervals - Distance', 3, 29, '106.1', 750, '159.2'),
('Scott Weekley', '2020-02-28', 'Intervals - Distance', 4, 29, '106.3', 1000, '212.6'),
('Scott Weekley', '2020-02-28', 'Intervals - Distance', 5, 32, '98.8', 750, '148.2'),
('Scott Weekley', '2020-02-28', 'Intervals - Distance', 6, 32, '97.5', 500, '97.5'),
('Scott Weekley', '2020-02-28', 'Intervals - Distance', 7, 37, '90.0', 250, '45.0'),
('Tanner Simpson', '2020-02-28', 'Intervals - Distance', 1, 30, '108.2', 250, '54.1'),
('Tanner Simpson', '2020-02-28', 'Intervals - Distance', 2, 29, '109.0', 500, '109.0'),
('Tanner Simpson', '2020-02-28', 'Intervals - Distance', 3, 28, '110.0', 750, '165.0'),
('Tanner Simpson', '2020-02-28', 'Intervals - Distance', 4, 29, '110.9', 1000, '221.8'),
('Tanner Simpson', '2020-02-28', 'Intervals - Distance', 5, 29, '111.1', 750, '166.7'),
('Tanner Simpson', '2020-02-28', 'Intervals - Distance', 6, 29, '112.7', 500, '112.7'),
('Tanner Simpson', '2020-02-28', 'Intervals - Distance', 7, 32, '105.8', 250, '52.9'),
('Mark Perz', '2020-02-28', 'Intervals - Distance', 1, 28, '95.6', 250, '47.8'),
('Mark Perz', '2020-02-28', 'Intervals - Distance', 2, 30, '96.4', 500, '96.4'),
('Mark Perz', '2020-02-28', 'Intervals - Distance', 3, 29, '96.5', 750, '144.8'),
('Mark Perz', '2020-02-28', 'Intervals - Distance', 4, 32, '98.5', 1000, '197.0'),
('Mark Perz', '2020-02-28', 'Intervals - Distance', 5, 30, '97.2', 750, '145.8'),
('Mark Perz', '2020-02-28', 'Intervals - Distance', 6, 29, '97.9', 500, '97.9'),
('Mark Perz', '2020-02-28', 'Intervals - Distance', 7, 35, '92.6', 250, '46.3'),
('Justin Horwitz', '2020-02-28', 'Intervals - Distance', 1, 31, '102.6', 250, '51.3'),
('Justin Horwitz', '2020-02-28', 'Intervals - Distance', 2, 30, '102.8', 500, '102.8'),
('Justin Horwitz', '2020-02-28', 'Intervals - Distance', 3, 30, '103.0', 750, '154.5'),
('Justin Horwitz', '2020-02-28', 'Intervals - Distance', 4, 26, '130.9', 1000, '261.8'),
('Justin Horwitz', '2020-02-28', 'Intervals - Distance', 5, 25, '125.5', 750, '188.3'),
('Justin Horwitz', '2020-02-28', 'Intervals - Distance', 6, 26, '122.1', 500, '122.1'),
('Justin Horwitz', '2020-02-28', 'Intervals - Distance', 7, 28, '110.4', 250, '55.2'),
('Travis Thomas', '2020-02-28', 'Intervals - Distance', 1, 28, '109.6', 250, '54.8'),
('Travis Thomas', '2020-02-28', 'Intervals - Distance', 2, 28, '109.3', 500, '109.3'),
('Travis Thomas', '2020-02-28', 'Intervals - Distance', 3, 28, '110.5', 750, '165.8'),
('Travis Thomas', '2020-02-28', 'Intervals - Distance', 4, 22, '139.6', 1000, '279.2'),
('Travis Thomas', '2020-02-28', 'Intervals - Distance', 5, 21, '152.6', 750, '228.9'),
('Travis Thomas', '2020-02-28', 'Intervals - Distance', 6, 22, '146.8', 500, '146.8'),
('Travis Thomas', '2020-02-28', 'Intervals - Distance', 7, 19, '182.0', 250, '91.0'),
('Tom Donahue', '2020-02-28', 'Intervals - Distance', 1, 34, '89.6', 250, '44.8'),
('Tom Donahue', '2020-02-28', 'Intervals - Distance', 2, 31, '95.1', 500, '95.1'),
('Tom Donahue', '2020-02-28', 'Intervals - Distance', 3, 27, '107.6', 750, '161.4'),
('Tom Donahue', '2020-02-28', 'Intervals - Distance', 4, 26, '109.9', 1000, '219.8'),
('Tom Donahue', '2020-02-28', 'Intervals - Distance', 5, 26, '109.2', 750, '163.8'),
('Tom Donahue', '2020-02-28', 'Intervals - Distance', 6, 26, '110.3', 500, '110.3'),
('Tom Donahue', '2020-02-28', 'Intervals - Distance', 7, 32, '95.2', 250, '47.6'),
('TK Wallace', '2020-02-28', 'Intervals - Distance', 1, 31, '101.4', 250, '50.7'),
('TK Wallace', '2020-02-28', 'Intervals - Distance', 2, 29, '105.0', 500, '105.0'),
('TK Wallace', '2020-02-28', 'Intervals - Distance', 3, 29, '108.2', 750, '162.3'),
('TK Wallace', '2020-02-28', 'Intervals - Distance', 4, 28, '114.0', 1000, '228.0'),
('TK Wallace', '2020-02-28', 'Intervals - Distance', 5, 28, '110.4', 750, '165.6'),
('TK Wallace', '2020-02-28', 'Intervals - Distance', 6, 30, '107.4', 500, '107.4'),
('TK Wallace', '2020-02-28', 'Intervals - Distance', 7, 32, '101.4', 250, '50.7'),
('Cameron Thomas', '2020-02-28', 'Intervals - Distance', 1, 28, '110.0', 250, '55.0'),
('Cameron Thomas', '2020-02-28', 'Intervals - Distance', 2, 26, '115.5', 500, '115.5'),
('Cameron Thomas', '2020-02-28', 'Intervals - Distance', 3, 27, '110.8', 750, '166.2'),
('Cameron Thomas', '2020-02-28', 'Intervals - Distance', 4, 28, '111.3', 1000, '222.6'),
('Cameron Thomas', '2020-02-28', 'Intervals - Distance', 5, 22, '144.6', 750, '216.9'),
('Cameron Thomas', '2020-02-28', 'Intervals - Distance', 6, 22, '143.4', 500, '143.4'),
('Cameron Thomas', '2020-02-28', 'Intervals - Distance', 7, 29, '121.8', 250, '60.9'),
('Sam Korn', '2020-02-28', 'Intervals - Distance', 1, 31, '106.6', 250, '53.3'),
('Sam Korn', '2020-02-28', 'Intervals - Distance', 2, 30, '108.4', 500, '108.4'),
('Sam Korn', '2020-02-28', 'Intervals - Distance', 3, 30, '107.5', 750, '161.3'),
('Sam Korn', '2020-02-28', 'Intervals - Distance', 4, 29, '108.4', 1000, '216.8'),
('Sam Korn', '2020-02-28', 'Intervals - Distance', 5, 30, '107.5', 750, '161.3'),
('Sam Korn', '2020-02-28', 'Intervals - Distance', 6, 30, '104.9', 500, '104.9'),
('Sam Korn', '2020-02-28', 'Intervals - Distance', 7, 32, '100.2', 250, '50.1'),
('Robert Walderbach', '2020-02-28', 'Intervals - Distance', 1, 26, '110.4', 250, '55.2'),
('Robert Walderbach', '2020-02-28', 'Intervals - Distance', 2, 28, '110.3', 500, '110.3'),
('Robert Walderbach', '2020-02-28', 'Intervals - Distance', 3, 29, '110.2', 750, '165.3'),
('Robert Walderbach', '2020-02-28', 'Intervals - Distance', 4, 29, '110.1', 1000, '220.2'),
('Robert Walderbach', '2020-02-28', 'Intervals - Distance', 5, 30, '110.0', 750, '165.0'),
('Robert Walderbach', '2020-02-28', 'Intervals - Distance', 6, 31, '109.3', 500, '109.3'),
('Robert Walderbach', '2020-02-28', 'Intervals - Distance', 7, 33, '105.6', 250, '52.8'),
('Zac Clairborne', '2020-02-28', 'Intervals - Distance', 1, 25, '109.2', 250, '54.6'),
('Zac Clairborne', '2020-02-28', 'Intervals - Distance', 2, 29, '108.3', 500, '108.3'),
('Zac Clairborne', '2020-02-28', 'Intervals - Distance', 3, 27, '108.9', 750, '163.4'),
('Zac Clairborne', '2020-02-28', 'Intervals - Distance', 4, 28, '110.1', 1000, '220.2'),
('Zac Clairborne', '2020-02-28', 'Intervals - Distance', 5, 29, '108.5', 750, '162.8'),
('Zac Clairborne', '2020-02-28', 'Intervals - Distance', 6, 29, '106.6', 500, '106.6'),
('Zac Clairborne', '2020-02-28', 'Intervals - Distance', 7, 30, '104.0', 250, '52.0'),
('Will Burlbaw', '2020-02-28', 'Intervals - Distance', 1, 28, '106.8', 250, '53.4'),
('Will Burlbaw', '2020-02-28', 'Intervals - Distance', 2, 30, '105.7', 500, '105.7'),
('Will Burlbaw', '2020-02-28', 'Intervals - Distance', 3, 29, '110.4', 750, '165.6'),
('Will Burlbaw', '2020-02-28', 'Intervals - Distance', 4, 28, '113.4', 1000, '226.8'),
('Will Burlbaw', '2020-02-28', 'Intervals - Distance', 5, 28, '112.3', 750, '168.5'),
('Will Burlbaw', '2020-02-28', 'Intervals - Distance', 6, 32, '109.3', 500, '109.3'),
('Will Burlbaw', '2020-02-28', 'Intervals - Distance', 7, 34, '101.8', 250, '50.9'),
('Ryan Stiehl', '2020-02-28', 'Intervals - Distance', 1, 27, '113.0', 250, '56.5'),
('Ryan Stiehl', '2020-02-28', 'Intervals - Distance', 2, 27, '113.9', 500, '113.9'),
('Ryan Stiehl', '2020-02-28', 'Intervals - Distance', 3, 26, '114.4', 750, '171.6'),
('Ryan Stiehl', '2020-02-28', 'Intervals - Distance', 4, 24, '119.8', 1000, '239.6'),
('Ryan Stiehl', '2020-02-28', 'Intervals - Distance', 5, 24, '121.2', 750, '181.8'),
('Ryan Stiehl', '2020-02-28', 'Intervals - Distance', 6, 25, '118.8', 500, '118.8'),
('Ryan Stiehl', '2020-02-28', 'Intervals - Distance', 7, 24, '111.0', 250, '55.5'),
('Ken Ross', '2020-02-28', 'Intervals - Distance', 1, 28, '108.8', 250, '54.4'),
('Ken Ross', '2020-02-28', 'Intervals - Distance', 2, 29, '111.2', 500, '111.2'),
('Ken Ross', '2020-02-28', 'Intervals - Distance', 3, 29, '114.1', 750, '171.2'),
('Ken Ross', '2020-02-28', 'Intervals - Distance', 4, 29, '119.0', 1000, '238.0'),
('Ken Ross', '2020-02-28', 'Intervals - Distance', 5, 29, '118.0', 750, '177.0'),
('Ken Ross', '2020-02-28', 'Intervals - Distance', 6, 31, '114.6', 500, '114.6'),
('Ken Ross', '2020-02-28', 'Intervals - Distance', 7, 33, '110.6', 250, '55.3'),
('Conner Wigginton', '2020-02-28', 'Intervals - Distance', 1, 26, '119.2', 250, '59.6'),
('Conner Wigginton', '2020-02-28', 'Intervals - Distance', 2, 28, '115.6', 500, '115.6'),
('Conner Wigginton', '2020-02-28', 'Intervals - Distance', 3, 28, '120.4', 750, '180.6'),
('Conner Wigginton', '2020-02-28', 'Intervals - Distance', 4, 28, '121.0', 1000, '242.0'),
('Conner Wigginton', '2020-02-28', 'Intervals - Distance', 5, 21, '159.0', 750, '238.5'),
('Conner Wigginton', '2020-02-28', 'Intervals - Distance', 6, 28, '120.2', 500, '120.2'),
('Conner Wigginton', '2020-02-28', 'Intervals - Distance', 7, 30, '112.6', 250, '56.3'),
('Steven Ryckeley', '2020-02-28', 'Intervals - Distance', 1, 26, '115.8', 250, '57.9'),
('Steven Ryckeley', '2020-02-28', 'Intervals - Distance', 2, 29, '116.9', 500, '116.9'),
('Steven Ryckeley', '2020-02-28', 'Intervals - Distance', 3, 28, '128.2', 750, '192.3'),
('Steven Ryckeley', '2020-02-28', 'Intervals - Distance', 4, 22, '176.0', 1000, '352.0'),
('Steven Ryckeley', '2020-02-28', 'Intervals - Distance', 5, 22, '174.0', 750, '261.0'),
('Steven Ryckeley', '2020-02-28', 'Intervals - Distance', 6, 16, '237.9', 500, '237.9'),
('Steven Ryckeley', '2020-02-28', 'Intervals - Distance', 7, 31, '121.8', 250, '60.9'),
('Jared Reid', '2020-02-28', 'Intervals - Distance', 1, 29, '103.4', 250, '51.7'),
('Jared Reid', '2020-02-28', 'Intervals - Distance', 2, 28, '108.8', 500, '108.8'),
('Jared Reid', '2020-02-28', 'Intervals - Distance', 3, 27, '109.7', 750, '164.6'),
('Jared Reid', '2020-02-28', 'Intervals - Distance', 4, 27, '114.4', 1000, '228.8'),
('Jared Reid', '2020-02-28', 'Intervals - Distance', 5, 27, '115.2', 750, '172.8'),
('Jared Reid', '2020-02-28', 'Intervals - Distance', 6, 28, '114.0', 500, '114.0'),
('Jared Reid', '2020-02-28', 'Intervals - Distance', 7, 30, '104.8', 250, '52.4'),
('Rebecca Korn', '2020-02-28', 'Intervals - Distance', 1, 27, '114.2', 250, '57.1'),
('Rebecca Korn', '2020-02-28', 'Intervals - Distance', 2, 29, '114.3', 500, '114.3'),
('Rebecca Korn', '2020-02-28', 'Intervals - Distance', 3, 29, '114.0', 750, '171.0'),
('Rebecca Korn', '2020-02-28', 'Intervals - Distance', 4, 30, '113.9', 1000, '227.8'),
('Rebecca Korn', '2020-02-28', 'Intervals - Distance', 5, 30, '113.3', 750, '170.0'),
('Rebecca Korn', '2020-02-28', 'Intervals - Distance', 6, 32, '112.6', 500, '112.6'),
('Rebecca Korn', '2020-02-28', 'Intervals - Distance', 7, 30, '108.4', 250, '54.2'),
('Satu Kuusi', '2020-02-28', 'Intervals - Distance', 1, 26, '113.6', 250, '56.8'),
('Satu Kuusi', '2020-02-28', 'Intervals - Distance', 2, 28, '113.6', 500, '113.6'),
('Satu Kuusi', '2020-02-28', 'Intervals - Distance', 3, 28, '113.9', 750, '170.9'),
('Satu Kuusi', '2020-02-28', 'Intervals - Distance', 4, 27, '116.1', 1000, '232.2'),
('Satu Kuusi', '2020-02-28', 'Intervals - Distance', 5, 28, '118.9', 750, '178.4'),
('Ellie Pope', '2020-02-28', 'Intervals - Distance', 1, 31, '115.6', 250, '57.8'),
('Ellie Pope', '2020-02-28', 'Intervals - Distance', 2, 31, '116.4', 500, '116.4'),
('Ellie Pope', '2020-02-28', 'Intervals - Distance', 3, 31, '116.4', 750, '174.6'),
('Ellie Pope', '2020-02-28', 'Intervals - Distance', 4, 32, '116.8', 1000, '233.6'),
('Ellie Pope', '2020-02-28', 'Intervals - Distance', 5, 31, '116.2', 750, '174.3'),
('Ellie Pope', '2020-02-28', 'Intervals - Distance', 6, 31, '115.4', 500, '115.4'),
('Ellie Pope', '2020-02-28', 'Intervals - Distance', 7, 34, '110.4', 250, '55.2'),
('Mccall Dequasie', '2020-02-28', 'Intervals - Distance', 1, 30, '119.0', 250, '59.5'),
('Mccall Dequasie', '2020-02-28', 'Intervals - Distance', 2, 30, '119.1', 500, '119.1'),
('Mccall Dequasie', '2020-02-28', 'Intervals - Distance', 3, 30, '121.0', 750, '181.5'),
('Mccall Dequasie', '2020-02-28', 'Intervals - Distance', 4, 30, '123.0', 1000, '246.0'),
('Mccall Dequasie', '2020-02-28', 'Intervals - Distance', 5, 31, '122.4', 750, '183.6'),
('Mccall Dequasie', '2020-02-28', 'Intervals - Distance', 6, 32, '123.4', 500, '123.4'),
('Mccall Dequasie', '2020-02-28', 'Intervals - Distance', 7, 35, '117.4', 250, '58.7'),
('Anna Crosswhite', '2020-02-28', 'Intervals - Distance', 1, 31, '115.6', 250, '57.8'),
('Anna Crosswhite', '2020-02-28', 'Intervals - Distance', 2, 29, '111.2', 500, '111.2'),
('Anna Crosswhite', '2020-02-28', 'Intervals - Distance', 3, 29, '114.1', 750, '171.2'),
('Anna Crosswhite', '2020-02-28', 'Intervals - Distance', 4, 29, '119.0', 1000, '238.0'),
('Anna Crosswhite', '2020-02-28', 'Intervals - Distance', 5, 29, '118.0', 750, '177.0'),
('Anna Crosswhite', '2020-02-28', 'Intervals - Distance', 6, 31, '114.6', 500, '114.6'),
('Anna Crosswhite', '2020-02-28', 'Intervals - Distance', 7, 33, '110.6', 250, '55.3'),
('Susan Weckler', '2020-02-28', 'Intervals - Distance', 1, 29, '118.8', 250, '59.4'),
('Susan Weckler', '2020-02-28', 'Intervals - Distance', 2, 29, '118.5', 500, '118.5'),
('Susan Weckler', '2020-02-28', 'Intervals - Distance', 3, 29, '118.8', 750, '178.2'),
('Susan Weckler', '2020-02-28', 'Intervals - Distance', 4, 29, '119.4', 1000, '238.8'),
('Susan Weckler', '2020-02-28', 'Intervals - Distance', 5, 30, '119.0', 750, '178.5'),
('Susan Weckler', '2020-02-28', 'Intervals - Distance', 6, 29, '118.1', 500, '118.1'),
('Susan Weckler', '2020-02-28', 'Intervals - Distance', 7, 31, '115.4', 250, '57.7'),
('Alyssa Schaefer', '2020-02-28', 'Intervals - Distance', 1, 26, '121.6', 250, '60.8'),
('Alyssa Schaefer', '2020-02-28', 'Intervals - Distance', 2, 25, '120.7', 500, '120.7'),
('Alyssa Schaefer', '2020-02-28', 'Intervals - Distance', 3, 26, '120.3', 750, '180.5'),
('Alyssa Schaefer', '2020-02-28', 'Intervals - Distance', 4, 26, '121.2', 1000, '242.4'),
('Alyssa Schaefer', '2020-02-28', 'Intervals - Distance', 5, 26, '121.1', 750, '181.7'),
('Alyssa Schaefer', '2020-02-28', 'Intervals - Distance', 6, 26, '120.5', 500, '120.5'),
('Alyssa Schaefer', '2020-02-28', 'Intervals - Distance', 7, 26, '118.0', 250, '59.0'),
('Kali Kountoupis', '2020-02-28', 'Intervals - Distance', 1, 29, '116.6', 250, '58.3'),
('Kali Kountoupis', '2020-02-28', 'Intervals - Distance', 2, 28, '116.6', 500, '116.6'),
('Kali Kountoupis', '2020-02-28', 'Intervals - Distance', 3, 28, '117.2', 750, '175.8'),
('Kali Kountoupis', '2020-02-28', 'Intervals - Distance', 4, 29, '119.6', 1000, '239.2'),
('Kali Kountoupis', '2020-02-28', 'Intervals - Distance', 5, 28, '120.0', 750, '180.0'),
('Kali Kountoupis', '2020-02-28', 'Intervals - Distance', 6, 27, '118.2', 500, '118.2'),
('Kali Kountoupis', '2020-02-28', 'Intervals - Distance', 7, 29, '110.2', 250, '55.1'),
('Annika Cline', '2020-02-28', 'Intervals - Distance', 1, 26, '113.6', 250, '56.8'),
('Annika Cline', '2020-02-28', 'Intervals - Distance', 2, 27, '117.6', 500, '117.6'),
('Annika Cline', '2020-02-28', 'Intervals - Distance', 3, 28, '118.0', 750, '177.0'),
('Annika Cline', '2020-02-28', 'Intervals - Distance', 4, 27, '123.0', 1000, '246.0'),
('Annika Cline', '2020-02-28', 'Intervals - Distance', 5, 27, '124.6', 750, '186.9'),
('Annika Cline', '2020-02-28', 'Intervals - Distance', 6, 27, '118.5', 500, '118.5'),
('Annika Cline', '2020-02-28', 'Intervals - Distance', 7, 28, '110.4', 250, '55.2'),
('Josie Monson', '2020-02-28', 'Intervals - Distance', 1, 30, '119.0', 250, '59.5'),
('Josie Monson', '2020-02-28', 'Intervals - Distance', 2, 30, '119.1', 500, '119.1'),
('Josie Monson', '2020-02-28', 'Intervals - Distance', 3, 30, '121.0', 750, '181.5'),
('Josie Monson', '2020-02-28', 'Intervals - Distance', 4, 30, '123.0', 1000, '246.0'),
('Josie Monson', '2020-02-28', 'Intervals - Distance', 5, 31, '122.4', 750, '183.6'),
('Josie Monson', '2020-02-28', 'Intervals - Distance', 6, 32, '123.4', 500, '123.4'),
('Josie Monson', '2020-02-28', 'Intervals - Distance', 7, 35, '117.4', 250, '58.7'),
('Allie Sallee', '2020-02-28', 'Intervals - Distance', 1, 25, '125.0', 250, '62.5'),
('Allie Sallee', '2020-02-28', 'Intervals - Distance', 2, 25, '122.2', 500, '122.2'),
('Allie Sallee', '2020-02-28', 'Intervals - Distance', 3, 25, '122.5', 750, '183.8'),
('Allie Sallee', '2020-02-28', 'Intervals - Distance', 4, 25, '124.2', 1000, '248.4'),
('Allie Sallee', '2020-02-28', 'Intervals - Distance', 5, 26, '124.6', 750, '186.9'),
('Allie Sallee', '2020-02-28', 'Intervals - Distance', 6, 27, '121.5', 500, '121.5'),
('Allie Sallee', '2020-02-28', 'Intervals - Distance', 7, 29, '114.2', 250, '57.1'),
('Cami Michaelson', '2020-02-28', 'Intervals - Distance', 1, 30, '126.0', 250, '63.0'),
('Cami Michaelson', '2020-02-28', 'Intervals - Distance', 2, 29, '124.8', 500, '124.8'),
('Cami Michaelson', '2020-02-28', 'Intervals - Distance', 3, 28, '130.6', 750, '195.9'),
('Cami Michaelson', '2020-02-28', 'Intervals - Distance', 4, 28, '134.9', 1000, '269.8'),
('Cami Michaelson', '2020-02-28', 'Intervals - Distance', 5, 28, '132.8', 750, '199.2'),
('Cami Michaelson', '2020-02-28', 'Intervals - Distance', 6, 28, '130.3', 500, '130.3'),
('Cami Michaelson', '2020-02-28', 'Intervals - Distance', 7, 30, '119.4', 250, '59.7'),
('Lauren Shorey', '2020-02-28', 'Intervals - Distance', 1, 25, '138.2', 250, '69.1'),
('Lauren Shorey', '2020-02-28', 'Intervals - Distance', 2, 25, '136.8', 500, '136.8'),
('Lauren Shorey', '2020-02-28', 'Intervals - Distance', 3, 26, '138.2', 750, '207.3'),
('Lauren Shorey', '2020-02-28', 'Intervals - Distance', 4, 26, '140.0', 1000, '280.0'),
('Lauren Shorey', '2020-02-28', 'Intervals - Distance', 5, 25, '136.2', 750, '204.3'),
('Lauren Shorey', '2020-02-28', 'Intervals - Distance', 6, 30, '126.0', 500, '126.0'),
('Lauren Shorey', '2020-02-28', 'Intervals - Distance', 7, 29, '122.8', 250, '61.4'),
('Scott Weekley', '2020-02-15', 'Test', 1, 30, '103.1', 500, '103.1'),
('Scott Weekley', '2020-02-15', 'Test', 2, 29, '102.4', 500, '102.4'),
('Scott Weekley', '2020-02-15', 'Test', 3, 30, '102.3', 500, '102.3'),
('Scott Weekley', '2020-02-15', 'Test', 4, 31, '102.3', 500, '102.3'),
('Josh Baker', '2020-02-15', 'Test', 1, 32, '106.5', 500, '106.5'),
('Josh Baker', '2020-02-15', 'Test', 2, 31, '106.1', 500, '106.1'),
('Josh Baker', '2020-02-15', 'Test', 3, 31, '105.7', 500, '105.7'),
('Josh Baker', '2020-02-15', 'Test', 4, 31, '107.6', 500, '107.6'),
('Sam Embrey', '2020-02-15', 'Test', 1, 28, '108.6', 500, '108.6'),
('Sam Embrey', '2020-02-15', 'Test', 2, 29, '109.3', 500, '109.3'),
('Sam Embrey', '2020-02-15', 'Test', 3, 30, '109.8', 500, '109.8'),
('Sam Embrey', '2020-02-15', 'Test', 4, 32, '105.6', 500, '105.6'),
('Tanner Simpson', '2020-02-15', 'Test', 1, 28, '117.1', 500, '117.1'),
('Tanner Simpson', '2020-02-15', 'Test', 2, 28, '116.5', 500, '116.5'),
('Tanner Simpson', '2020-02-15', 'Test', 3, 29, '116.2', 500, '116.2'),
('Tanner Simpson', '2020-02-15', 'Test', 4, 30, '114.4', 500, '114.4'),
('Mark Perz', '2020-02-15', 'Test', 1, 31, '98.1', 500, '98.1'),
('Mark Perz', '2020-02-15', 'Test', 2, 30, '98.1', 500, '98.1'),
('Mark Perz', '2020-02-15', 'Test', 3, 31, '98.0', 500, '98.0'),
('Mark Perz', '2020-02-15', 'Test', 4, 32, '95.1', 500, '95.1'),
('Justin Horwitz', '2020-02-15', 'Test', 1, 30, '104.2', 500, '104.2'),
('Justin Horwitz', '2020-02-15', 'Test', 2, 30, '103.6', 500, '103.6'),
('Justin Horwitz', '2020-02-15', 'Test', 3, 31, '102.8', 500, '102.8'),
('Justin Horwitz', '2020-02-15', 'Test', 4, 34, '101.5', 500, '101.5'),
('Travis Thomas', '2020-02-15', 'Test', 1, 29, '111.0', 500, '111.0'),
('Travis Thomas', '2020-02-15', 'Test', 2, 30, '111.4', 500, '111.4'),
('Travis Thomas', '2020-02-15', 'Test', 3, 30, '110.7', 500, '110.7'),
('Travis Thomas', '2020-02-15', 'Test', 4, 34, '103.0', 500, '103.0'),
('Tom Donahue', '2020-02-15', 'Test', 1, 27, '111.0', 500, '111.0'),
('Tom Donahue', '2020-02-15', 'Test', 2, 27, '109.4', 500, '109.4'),
('Tom Donahue', '2020-02-15', 'Test', 3, 29, '108.8', 500, '108.8'),
('Tom Donahue', '2020-02-15', 'Test', 4, 29, '107.2', 500, '107.2'),
('TK Wallace', '2020-02-15', 'Test', 1, 30, '104.4', 500, '104.4'),
('TK Wallace', '2020-02-15', 'Test', 2, 29, '110.2', 500, '110.2'),
('TK Wallace', '2020-02-15', 'Test', 3, 29, '109.7', 500, '109.7'),
('TK Wallace', '2020-02-15', 'Test', 4, 27, '115.5', 500, '115.5'),
('Cameron Thomas', '2020-02-15', 'Test', 1, 27, '112.0', 500, '112.0'),
('Cameron Thomas', '2020-02-15', 'Test', 2, 25, '113.1', 500, '113.1'),
('Cameron Thomas', '2020-02-15', 'Test', 3, 27, '110.1', 500, '110.1'),
('Cameron Thomas', '2020-02-15', 'Test', 4, 33, '105.4', 500, '105.4'),
('Sam Korn', '2020-02-15', 'Test', 1, 31, '111.9', 500, '111.9'),
('Sam Korn', '2020-02-15', 'Test', 2, 30, '111.5', 500, '111.5'),
('Sam Korn', '2020-02-15', 'Test', 3, 31, '111.0', 500, '111.0'),
('Sam Korn', '2020-02-15', 'Test', 4, 34, '106.5', 500, '106.5'),
('Robert Walderbach', '2020-02-15', 'Test', 1, 31, '112.1', 500, '112.1'),
('Robert Walderbach', '2020-02-15', 'Test', 2, 30, '112.2', 500, '112.2'),
('Robert Walderbach', '2020-02-15', 'Test', 3, 29, '111.3', 500, '111.3'),
('Robert Walderbach', '2020-02-15', 'Test', 4, 31, '105.3', 500, '105.3'),
('Zac Clairborne', '2020-02-15', 'Test', 1, 28, '108.7', 500, '108.7'),
('Zac Clairborne', '2020-02-15', 'Test', 2, 28, '110.2', 500, '110.2'),
('Zac Clairborne', '2020-02-15', 'Test', 3, 28, '110.6', 500, '110.6'),
('Zac Clairborne', '2020-02-15', 'Test', 4, 28, '113.9', 500, '113.9'),
('Kyle Shepherd', '2020-02-15', 'Test', 1, 30, '111.5', 500, '111.5'),
('Kyle Shepherd', '2020-02-15', 'Test', 2, 29, '112.2', 500, '112.2'),
('Kyle Shepherd', '2020-02-15', 'Test', 3, 30, '113.0', 500, '113.0'),
('Kyle Shepherd', '2020-02-15', 'Test', 4, 33, '111.8', 500, '111.8'),
('Donovon Mitchell', '2020-02-15', 'Test', 1, 30, '110.5', 500, '110.5'),
('Donovon Mitchell', '2020-02-15', 'Test', 2, 29, '114.8', 500, '114.8'),
('Donovon Mitchell', '2020-02-15', 'Test', 3, 30, '117.3', 500, '117.3'),
('Donovon Mitchell', '2020-02-15', 'Test', 4, 32, '114.2', 500, '114.2'),
('Will Burlbaw', '2020-02-15', 'Test', 1, 29, '116.3', 500, '116.3'),
('Will Burlbaw', '2020-02-15', 'Test', 2, 29, '116.3', 500, '116.3'),
('Will Burlbaw', '2020-02-15', 'Test', 3, 31, '114.0', 500, '114.0'),
('Will Burlbaw', '2020-02-15', 'Test', 4, 32, '110.4', 500, '110.4'),
('Ryan Stiehl', '2020-02-15', 'Test', 1, 28, '115.1', 500, '115.1'),
('Ryan Stiehl', '2020-02-15', 'Test', 2, 28, '115.5', 500, '115.5'),
('Ryan Stiehl', '2020-02-15', 'Test', 3, 28, '116.7', 500, '116.7'),
('Ryan Stiehl', '2020-02-15', 'Test', 4, 30, '117.0', 500, '117.0'),
('Ken Ross', '2020-02-15', 'Test', 1, 30, '113.4', 500, '113.4'),
('Ken Ross', '2020-02-15', 'Test', 2, 29, '118.5', 500, '118.5'),
('Ken Ross', '2020-02-15', 'Test', 3, 29, '117.7', 500, '117.7'),
('Ken Ross', '2020-02-15', 'Test', 4, 32, '115.9', 500, '115.9'),
('Conner Wigginton', '2020-02-15', 'Test', 1, 28, '119.4', 500, '119.4'),
('Conner Wigginton', '2020-02-15', 'Test', 2, 28, '120.1', 500, '120.1'),
('Conner Wigginton', '2020-02-15', 'Test', 3, 30, '118.8', 500, '118.8'),
('Conner Wigginton', '2020-02-15', 'Test', 4, 32, '115.8', 500, '115.8'),
('Jack Richey', '2020-02-15', 'Test', 1, 31, '117.7', 500, '117.7'),
('Jack Richey', '2020-02-15', 'Test', 2, 28, '119.8', 500, '119.8'),
('Jack Richey', '2020-02-15', 'Test', 3, 27, '122.5', 500, '122.5'),
('Jack Richey', '2020-02-15', 'Test', 4, 27, '119.3', 500, '119.3'),
('Turner Russell', '2020-02-15', 'Test', 1, 28, '125.1', 500, '125.1'),
('Turner Russell', '2020-02-15', 'Test', 2, 29, '126.0', 500, '126.0'),
('Turner Russell', '2020-02-15', 'Test', 3, 28, '127.9', 500, '127.9'),
('Turner Russell', '2020-02-15', 'Test', 4, 29, '124.4', 500, '124.4'),
('Sebastian Rothwell', '2020-02-15', 'Test', 1, 29, '117.8', 500, '117.8'),
('Sebastian Rothwell', '2020-02-15', 'Test', 2, 29, '127.0', 500, '127.0'),
('Sebastian Rothwell', '2020-02-15', 'Test', 3, 28, '135.0', 500, '135.0'),
('Sebastian Rothwell', '2020-02-15', 'Test', 4, 31, '130.5', 500, '130.5'),
('Steven Ryckeley', '2020-02-15', 'Test', 1, 27, '125.7', 500, '125.7'),
('Steven Ryckeley', '2020-02-15', 'Test', 2, 29, '132.6', 500, '132.6'),
('Steven Ryckeley', '2020-02-15', 'Test', 3, 29, '138.8', 500, '138.8'),
('Steven Ryckeley', '2020-02-15', 'Test', 4, 29, '132.3', 500, '132.3'),
('Jared Reid', '2020-02-15', 'Test', 1, 29, '116.8', 500, '116.8'),
('Jared Reid', '2020-02-15', 'Test', 2, 28, '115.5', 500, '115.5'),
('Jared Reid', '2020-02-15', 'Test', 3, 27, '114.2', 500, '114.2'),
('Jared Reid', '2020-02-15', 'Test', 4, 27, '114.7', 500, '114.7'),
('Rebecca Korn', '2020-02-15', 'Test', 1, 29, '108.3', 500, '108.3'),
('Rebecca Korn', '2020-02-15', 'Test', 2, 31, '107.7', 500, '107.7'),
('Rebecca Korn', '2020-02-15', 'Test', 3, 32, '109.2', 500, '109.2'),
('Rebecca Korn', '2020-02-15', 'Test', 4, 34, '109.1', 500, '109.1'),
('Satu Kuusi', '2020-02-15', 'Test', 1, 28, '117.1', 500, '117.1'),
('Satu Kuusi', '2020-02-15', 'Test', 2, 28, '116.8', 500, '116.8'),
('Satu Kuusi', '2020-02-15', 'Test', 3, 28, '115.2', 500, '115.2'),
('Satu Kuusi', '2020-02-15', 'Test', 4, 30, '112.5', 500, '112.5'),
('Ellie Pope', '2020-02-15', 'Test', 1, 28, '117.6', 500, '117.6'),
('Ellie Pope', '2020-02-15', 'Test', 2, 28, '116.9', 500, '116.9'),
('Ellie Pope', '2020-02-15', 'Test', 3, 30, '116.8', 500, '116.8'),
('Ellie Pope', '2020-02-15', 'Test', 4, 32, '114.2', 500, '114.2'),
('Mccall Dequasie', '2020-02-15', 'Test', 1, 26, '118.7', 500, '118.7'),
('Mccall Dequasie', '2020-02-15', 'Test', 2, 27, '118.6', 500, '118.6'),
('Mccall Dequasie', '2020-02-15', 'Test', 3, 28, '118.1', 500, '118.1'),
('Mccall Dequasie', '2020-02-15', 'Test', 4, 30, '116.9', 500, '116.9'),
('Anna Crosswhite', '2020-02-15', 'Test', 1, 29, '119.6', 500, '119.6'),
('Anna Crosswhite', '2020-02-15', 'Test', 2, 29, '119.0', 500, '119.0'),
('Anna Crosswhite', '2020-02-15', 'Test', 3, 30, '118.0', 500, '118.0'),
('Anna Crosswhite', '2020-02-15', 'Test', 4, 31, '115.8', 500, '115.8'),
('Susan Weckler', '2020-02-15', 'Test', 1, 29, '120.4', 500, '120.4'),
('Susan Weckler', '2020-02-15', 'Test', 2, 29, '119.0', 500, '119.0'),
('Susan Weckler', '2020-02-15', 'Test', 3, 29, '118.8', 500, '118.8'),
('Susan Weckler', '2020-02-15', 'Test', 4, 29, '116.8', 500, '116.8'),
('Alyssa Schaefer', '2020-02-15', 'Test', 1, 25, '122.6', 500, '122.6'),
('Alyssa Schaefer', '2020-02-15', 'Test', 2, 26, '123.0', 500, '123.0'),
('Alyssa Schaefer', '2020-02-15', 'Test', 3, 28, '120.2', 500, '120.2'),
('Alyssa Schaefer', '2020-02-15', 'Test', 4, 28, '118.5', 500, '118.5'),
('Leslie Garza', '2020-02-15', 'Test', 1, 29, '125.0', 500, '125.0'),
('Leslie Garza', '2020-02-15', 'Test', 2, 29, '125.1', 500, '125.1'),
('Leslie Garza', '2020-02-15', 'Test', 3, 30, '124.0', 500, '124.0'),
('Leslie Garza', '2020-02-15', 'Test', 4, 32, '121.9', 500, '121.9'),
('Christina Bogard', '2020-02-15', 'Test', 1, 28, '120.6', 500, '120.6'),
('Christina Bogard', '2020-02-15', 'Test', 2, 28, '124.3', 500, '124.3'),
('Christina Bogard', '2020-02-15', 'Test', 3, 27, '126.2', 500, '126.2'),
('Christina Bogard', '2020-02-15', 'Test', 4, 28, '125.8', 500, '125.8'),
('Kali Kountoupis', '2020-02-15', 'Test', 1, 28, '119.8', 500, '119.8'),
('Kali Kountoupis', '2020-02-15', 'Test', 2, 29, '120.9', 500, '120.9'),
('Kali Kountoupis', '2020-02-15', 'Test', 3, 30, '119.0', 500, '119.0'),
('Kali Kountoupis', '2020-02-15', 'Test', 4, 31, '117.7', 500, '117.7'),
('Annika Cline', '2020-02-15', 'Test', 1, 28, '121.8', 500, '121.8'),
('Annika Cline', '2020-02-15', 'Test', 2, 29, '121.8', 500, '121.8'),
('Annika Cline', '2020-02-15', 'Test', 3, 30, '120.0', 500, '120.0'),
('Annika Cline', '2020-02-15', 'Test', 4, 35, '117.8', 500, '117.8'),
('Lisa Kaiser', '2020-02-15', 'Test', 1, 30, '122.7', 500, '122.7'),
('Lisa Kaiser', '2020-02-15', 'Test', 2, 30, '123.1', 500, '123.1'),
('Lisa Kaiser', '2020-02-15', 'Test', 3, 30, '122.2', 500, '122.2'),
('Lisa Kaiser', '2020-02-15', 'Test', 4, 32, '121.0', 500, '121.0'),
('Josie Monson', '2020-02-15', 'Test', 1, 31, '120.2', 500, '120.2'),
('Josie Monson', '2020-02-15', 'Test', 2, 30, '121.6', 500, '121.6'),
('Josie Monson', '2020-02-15', 'Test', 3, 29, '125.8', 500, '125.8'),
('Josie Monson', '2020-02-15', 'Test', 4, 31, '121.7', 500, '121.7'),
('Allie Sallee', '2020-02-15', 'Test', 1, 27, '124.0', 500, '124.0'),
('Allie Sallee', '2020-02-15', 'Test', 2, 26, '124.7', 500, '124.7'),
('Allie Sallee', '2020-02-15', 'Test', 3, 27, '126.2', 500, '126.2'),
('Allie Sallee', '2020-02-15', 'Test', 4, 27, '130.2', 500, '130.2'),
('Cami Michaelson', '2020-02-15', 'Test', 1, 29, '131.6', 500, '131.6'),
('Cami Michaelson', '2020-02-15', 'Test', 2, 29, '130.2', 500, '130.2'),
('Cami Michaelson', '2020-02-15', 'Test', 3, 30, '127.5', 500, '127.5'),
('Cami Michaelson', '2020-02-15', 'Test', 4, 32, '121.8', 500, '121.8'),
('Bailey Crocker', '2020-02-15', 'Test', 1, 29, '130.5', 500, '130.5'),
('Bailey Crocker', '2020-02-15', 'Test', 2, 29, '131.6', 500, '131.6'),
('Bailey Crocker', '2020-02-15', 'Test', 3, 29, '130.7', 500, '130.7'),
('Bailey Crocker', '2020-02-15', 'Test', 4, 30, '128.8', 500, '128.8'),
('Lauren Shorey', '2020-02-15', 'Test', 1, 23, '156.7', 500, '156.7'),
('Lauren Shorey', '2020-02-15', 'Test', 2, 23, '157.3', 500, '157.3'),
('Lauren Shorey', '2020-02-15', 'Test', 3, 23, '141.8', 500, '141.8'),
('Lauren Shorey', '2020-02-15', 'Test', 4, 23, '131.7', 500, '131.7'),
('Josh Baker', '2019-12-07', 'Test', 1, 31, '105.0', 500, '105.0'),
('Josh Baker', '2019-12-07', 'Test', 2, 29, '106.1', 500, '106.1'),
('Josh Baker', '2019-12-07', 'Test', 3, 29, '104.2', 500, '104.2'),
('Josh Baker', '2019-12-07', 'Test', 4, 31, '102.7', 500, '102.7'),
('Max Bryan', '2019-12-07', 'Test', 1, 27, '115.5', 500, '115.5'),
('Max Bryan', '2019-12-07', 'Test', 2, 27, '119.7', 500, '119.7'),
('Max Bryan', '2019-12-07', 'Test', 3, 28, '119.1', 500, '119.1'),
('Max Bryan', '2019-12-07', 'Test', 4, 29, '115.9', 500, '115.9'),
('Conner Wigginton', '2019-12-07', 'Test', 1, 30, '116.6', 500, '116.6'),
('Conner Wigginton', '2019-12-07', 'Test', 2, 30, '120.8', 500, '120.8'),
('Conner Wigginton', '2019-12-07', 'Test', 3, 30, '123.0', 500, '123.0'),
('Conner Wigginton', '2019-12-07', 'Test', 4, 31, '119.2', 500, '119.2'),
('Will Burlbaw', '2019-12-07', 'Test', 1, 32, '108.5', 500, '108.5'),
('Will Burlbaw', '2019-12-07', 'Test', 2, 31, '111.8', 500, '111.8'),
('Will Burlbaw', '2019-12-07', 'Test', 3, 31, '111.6', 500, '111.6'),
('Will Burlbaw', '2019-12-07', 'Test', 4, 30, '110.5', 500, '110.5'),
('Ken Ross', '2019-12-07', 'Test', 1, 31, '113.8', 500, '113.8'),
('Ken Ross', '2019-12-07', 'Test', 2, 32, '115.4', 500, '115.4'),
('Ken Ross', '2019-12-07', 'Test', 3, 32, '119.1', 500, '119.1'),
('Ken Ross', '2019-12-07', 'Test', 4, 32, '119.5', 500, '119.5'),
('Cameron Arrington', '2019-12-07', 'Test', 1, 29, '110.5', 500, '110.5'),
('Cameron Arrington', '2019-12-07', 'Test', 2, 29, '111.4', 500, '111.4'),
('Cameron Arrington', '2019-12-07', 'Test', 3, 27, '116.9', 500, '116.9'),
('Cameron Arrington', '2019-12-07', 'Test', 4, 27, '114.8', 500, '114.8'),
('Sam Lasater', '2019-12-07', 'Test', 1, 30, '112.9', 500, '112.9'),
('Sam Lasater', '2019-12-07', 'Test', 2, 31, '116.5', 500, '116.5'),
('Sam Lasater', '2019-12-07', 'Test', 3, 31, '118.2', 500, '118.2'),
('Sam Lasater', '2019-12-07', 'Test', 4, 31, '119.2', 500, '119.2'),
('TK Wallace', '2019-12-07', 'Test', 1, 30, '107.1', 500, '107.1'),
('TK Wallace', '2019-12-07', 'Test', 2, 29, '116.4', 500, '116.4'),
('TK Wallace', '2019-12-07', 'Test', 3, 28, '118.0', 500, '118.0'),
('TK Wallace', '2019-12-07', 'Test', 4, 29, '113.3', 500, '113.3'),
('Logan Wargo', '2019-12-07', 'Test', 1, 30, '107.2', 500, '107.2'),
('Logan Wargo', '2019-12-07', 'Test', 2, 30, '110.8', 500, '110.8'),
('Logan Wargo', '2019-12-07', 'Test', 3, 29, '111.7', 500, '111.7'),
('Logan Wargo', '2019-12-07', 'Test', 4, 29, '109.0', 500, '109.0'),
('Cameron Thomas', '2019-12-07', 'Test', 1, 33, '107.9', 500, '107.9'),
('Cameron Thomas', '2019-12-07', 'Test', 2, 33, '112.3', 500, '112.3'),
('Cameron Thomas', '2019-12-07', 'Test', 3, 34, '115.9', 500, '115.9'),
('Cameron Thomas', '2019-12-07', 'Test', 4, 35, '115.2', 500, '115.2'),
('Travis Thomas', '2019-12-07', 'Test', 1, 33, '106.7', 500, '106.7'),
('Travis Thomas', '2019-12-07', 'Test', 2, 34, '110.1', 500, '110.1'),
('Travis Thomas', '2019-12-07', 'Test', 3, 34, '112.4', 500, '112.4'),
('Travis Thomas', '2019-12-07', 'Test', 4, 35, '110.8', 500, '110.8'),
('Justin Horwitz', '2019-12-07', 'Test', 1, 31, '105.5', 500, '105.5'),
('Justin Horwitz', '2019-12-07', 'Test', 2, 30, '107.2', 500, '107.2'),
('Justin Horwitz', '2019-12-07', 'Test', 3, 30, '105.0', 500, '105.0'),
('Justin Horwitz', '2019-12-07', 'Test', 4, 31, '105.9', 500, '105.9'),
('Mark Perz', '2019-12-07', 'Test', 1, 30, '98.5', 500, '98.5'),
('Mark Perz', '2019-12-07', 'Test', 2, 31, '100.3', 500, '100.3'),
('Mark Perz', '2019-12-07', 'Test', 3, 29, '99.9', 500, '99.9'),
('Mark Perz', '2019-12-07', 'Test', 4, 29, '98.8', 500, '98.8'),
('Karen Weckler', '2019-12-07', 'Test', 1, 28, '125.5', 500, '125.5'),
('Karen Weckler', '2019-12-07', 'Test', 2, 28, '128.4', 500, '128.4'),
('Karen Weckler', '2019-12-07', 'Test', 3, 28, '129.7', 500, '129.7'),
('Karen Weckler', '2019-12-07', 'Test', 4, 29, '128.0', 500, '128.0'),
('Leslie Garza', '2019-12-07', 'Test', 1, 31, '121.4', 500, '121.4'),
('Leslie Garza', '2019-12-07', 'Test', 2, 29, '122.7', 500, '122.7'),
('Leslie Garza', '2019-12-07', 'Test', 3, 29, '124.1', 500, '124.1'),
('Leslie Garza', '2019-12-07', 'Test', 4, 30, '122.4', 500, '122.4'),
('Mccall Dequasie', '2019-12-07', 'Test', 1, 28, '118.9', 500, '118.9'),
('Mccall Dequasie', '2019-12-07', 'Test', 2, 29, '120.2', 500, '120.2'),
('Mccall Dequasie', '2019-12-07', 'Test', 3, 29, '121.1', 500, '121.1'),
('Mccall Dequasie', '2019-12-07', 'Test', 4, 31, '119.3', 500, '119.3'),
('Anna Crosswhite', '2019-12-07', 'Test', 1, 29, '118.8', 500, '118.8'),
('Anna Crosswhite', '2019-12-07', 'Test', 2, 29, '120.4', 500, '120.4'),
('Anna Crosswhite', '2019-12-07', 'Test', 3, 30, '119.0', 500, '119.0'),
('Anna Crosswhite', '2019-12-07', 'Test', 4, 30, '119.1', 500, '119.1'),
('Susan Weckler', '2019-12-07', 'Test', 1, 29, '119.7', 500, '119.7'),
('Susan Weckler', '2019-12-07', 'Test', 2, 30, '119.9', 500, '119.9'),
('Susan Weckler', '2019-12-07', 'Test', 3, 29, '119.7', 500, '119.7'),
('Susan Weckler', '2019-12-07', 'Test', 4, 29, '117.3', 500, '117.3'),
('Satu Kuusi', '2019-12-07', 'Test', 1, 30, '114.3', 500, '114.3'),
('Satu Kuusi', '2019-12-07', 'Test', 2, 30, '115.5', 500, '115.5'),
('Satu Kuusi', '2019-12-07', 'Test', 3, 30, '117.1', 500, '117.1'),
('Satu Kuusi', '2019-12-07', 'Test', 4, 30, '113.4', 500, '113.4'),
('Rebecca Korn', '2019-12-07', 'Test', 1, 30, '107.5', 500, '107.5'),
('Rebecca Korn', '2019-12-07', 'Test', 2, 31, '107.9', 500, '107.9'),
('Rebecca Korn', '2019-12-07', 'Test', 3, 31, '111.1', 500, '111.1'),
('Rebecca Korn', '2019-12-07', 'Test', 4, 32, '110.0', 500, '110.0'),
('Naomi Wisner', '2019-12-07', 'Test', 1, 31, '127.1', 500, '127.1'),
('Naomi Wisner', '2019-12-07', 'Test', 2, 29, '129.5', 500, '129.5'),
('Naomi Wisner', '2019-12-07', 'Test', 3, 28, '130.4', 500, '130.4'),
('Naomi Wisner', '2019-12-07', 'Test', 4, 29, '128.7', 500, '128.7'),
('Bailey Crocker', '2019-12-07', 'Test', 1, 28, '128.7', 500, '128.7'),
('Bailey Crocker', '2019-12-07', 'Test', 2, 29, '129.6', 500, '129.6'),
('Bailey Crocker', '2019-12-07', 'Test', 3, 28, '133.3', 500, '133.3'),
('Bailey Crocker', '2019-12-07', 'Test', 4, 29, '133.7', 500, '133.7'),
('Lisa Kaiser', '2019-12-07', 'Test', 1, 32, '120.8', 500, '120.8'),
('Lisa Kaiser', '2019-12-07', 'Test', 2, 29, '124.1', 500, '124.1'),
('Lisa Kaiser', '2019-12-07', 'Test', 3, 28, '127.7', 500, '127.7'),
('Lisa Kaiser', '2019-12-07', 'Test', 4, 31, '127.4', 500, '127.4'),
('Cami Michaelson', '2019-12-07', 'Test', 1, 28, '127.1', 500, '127.1'),
('Cami Michaelson', '2019-12-07', 'Test', 2, 28, '131.0', 500, '131.0'),
('Cami Michaelson', '2019-12-07', 'Test', 3, 28, '133.6', 500, '133.6'),
('Cami Michaelson', '2019-12-07', 'Test', 4, 28, '132.3', 500, '132.3'),
('Abby Pope', '2019-12-07', 'Test', 1, 28, '120.0', 500, '120.0'),
('Abby Pope', '2019-12-07', 'Test', 2, 26, '122.4', 500, '122.4'),
('Abby Pope', '2019-12-07', 'Test', 3, 27, '123.7', 500, '123.7'),
('Abby Pope', '2019-12-07', 'Test', 4, 26, '125.8', 500, '125.8'),
('Megan Adler', '2019-12-07', 'Test', 1, 28, '120.5', 500, '120.5'),
('Megan Adler', '2019-12-07', 'Test', 2, 28, '122.4', 500, '122.4'),
('Megan Adler', '2019-12-07', 'Test', 3, 28, '123.2', 500, '123.2'),
('Megan Adler', '2019-12-07', 'Test', 4, 30, '119.5', 500, '119.5');

-- --------------------------------------------------------

--
-- Table structure for table `squads`
--

CREATE TABLE `squads` (
  `Experience` text NOT NULL,
  `Gender` text NOT NULL
) ENGINE=InnoDB DEFAULT CHARSET=utf8mb4;
COMMIT;

/*!40101 SET CHARACTER_SET_CLIENT=@OLD_CHARACTER_SET_CLIENT */;
/*!40101 SET CHARACTER_SET_RESULTS=@OLD_CHARACTER_SET_RESULTS */;
/*!40101 SET COLLATION_CONNECTION=@OLD_COLLATION_CONNECTION */;
